/*
SQLyog Enterprise - MySQL GUI v8.12 
MySQL - 5.5.5-10.1.10-MariaDB : Database - almaqraa_booking
*********************************************************************
*/

/*!40101 SET NAMES utf8 */;

/*!40101 SET SQL_MODE=''*/;

/*!40014 SET @OLD_FOREIGN_KEY_CHECKS=@@FOREIGN_KEY_CHECKS, FOREIGN_KEY_CHECKS=0 */;
/*!40101 SET @OLD_SQL_MODE=@@SQL_MODE, SQL_MODE='NO_AUTO_VALUE_ON_ZERO' */;

CREATE DATABASE /*!32312 IF NOT EXISTS*/`almaqraa_booking` /*!40100 DEFAULT CHARACTER SET latin1 */;

USE `almaqraa_booking`;

/*Table structure for table `appointment` */

DROP TABLE IF EXISTS `appointment`;

CREATE TABLE `appointment` (
  `id` int(11) NOT NULL AUTO_INCREMENT,
  `join_id` int(11) DEFAULT NULL,
  `session_time` datetime DEFAULT NULL,
  `convert_time` int(11) DEFAULT NULL,
  `status` int(2) DEFAULT '0' COMMENT '0-unjoin 1-joined',
  `created_at` datetime DEFAULT NULL,
  `updated_at` datetime DEFAULT NULL,
  `notes` text,
  PRIMARY KEY (`id`)
) ENGINE=InnoDB AUTO_INCREMENT=13 DEFAULT CHARSET=latin1;

/*Data for the table `appointment` */

insert  into `appointment`(`id`,`join_id`,`session_time`,`convert_time`,`status`,`created_at`,`updated_at`,`notes`) values (11,1,'2017-08-05 00:20:00',1501746800,0,'2017-07-31 22:24:53','2017-07-31 22:24:53',NULL),(12,1,'2017-08-05 00:40:00',1501748000,0,'2017-07-31 22:24:53','2017-07-31 22:24:53',NULL);

/*Table structure for table `book` */

DROP TABLE IF EXISTS `book`;

CREATE TABLE `book` (
  `id` int(11) NOT NULL AUTO_INCREMENT,
  `appointment_id` int(11) DEFAULT NULL,
  `student_id` int(11) DEFAULT NULL,
  `status` int(2) DEFAULT '0' COMMENT '0-available 1-reserved 2-cancelled 3-attended',
  `created_at` datetime DEFAULT NULL,
  `updated_at` datetime DEFAULT NULL,
  `notes` text,
  PRIMARY KEY (`id`)
) ENGINE=InnoDB AUTO_INCREMENT=2 DEFAULT CHARSET=latin1;

/*Data for the table `book` */

insert  into `book`(`id`,`appointment_id`,`student_id`,`status`,`created_at`,`updated_at`,`notes`) values (1,11,7,0,'2017-08-02 00:55:16','2017-08-02 00:55:16',NULL);

/*Table structure for table `chat` */

DROP TABLE IF EXISTS `chat`;

CREATE TABLE `chat` (
  `id` int(11) NOT NULL AUTO_INCREMENT,
  `sender_id` int(11) DEFAULT NULL,
  `receiver_id` int(11) DEFAULT NULL,
  `contents` text,
  `chat_time` int(11) DEFAULT NULL,
  `status` smallint(2) DEFAULT '0',
  `created_at` datetime DEFAULT NULL,
  `updated_at` datetime DEFAULT NULL,
  PRIMARY KEY (`id`)
) ENGINE=InnoDB DEFAULT CHARSET=latin1;

/*Data for the table `chat` */

/*Table structure for table `country` */

DROP TABLE IF EXISTS `country`;

CREATE TABLE `country` (
  `country_id` int(11) NOT NULL,
  `name` varchar(128) NOT NULL,
  `iso_code_2` varchar(2) NOT NULL,
  `iso_code_3` varchar(3) NOT NULL,
  `address_format` text NOT NULL,
  `postcode_required` tinyint(1) NOT NULL,
  `status` tinyint(1) NOT NULL DEFAULT '1'
) ENGINE=MyISAM DEFAULT CHARSET=utf8;

/*Data for the table `country` */

insert  into `country`(`country_id`,`name`,`iso_code_2`,`iso_code_3`,`address_format`,`postcode_required`,`status`) values (1,'Afghanistan','AF','AFG','',0,1),(2,'Albania','AL','ALB','',0,1),(3,'Algeria','DZ','DZA','',0,1),(4,'American Samoa','AS','ASM','',0,1),(5,'Andorra','AD','AND','',0,1),(6,'Angola','AO','AGO','',0,1),(7,'Anguilla','AI','AIA','',0,1),(8,'Antarctica','AQ','ATA','',0,1),(9,'Antigua and Barbuda','AG','ATG','',0,1),(10,'Argentina','AR','ARG','',0,1),(11,'Armenia','AM','ARM','',0,1),(12,'Aruba','AW','ABW','',0,1),(13,'Australia','AU','AUS','',0,1),(14,'Austria','AT','AUT','',0,1),(15,'Azerbaijan','AZ','AZE','',0,1),(16,'Bahamas','BS','BHS','',0,1),(17,'Bahrain','BH','BHR','',0,1),(18,'Bangladesh','BD','BGD','',0,1),(19,'Barbados','BB','BRB','',0,1),(20,'Belarus','BY','BLR','',0,1),(21,'Belgium','BE','BEL','{firstname} {lastname}\r\n{company}\r\n{address_1}\r\n{address_2}\r\n{postcode} {city}\r\n{country}',0,1),(22,'Belize','BZ','BLZ','',0,1),(23,'Benin','BJ','BEN','',0,1),(24,'Bermuda','BM','BMU','',0,1),(25,'Bhutan','BT','BTN','',0,1),(26,'Bolivia','BO','BOL','',0,1),(27,'Bosnia and Herzegovina','BA','BIH','',0,1),(28,'Botswana','BW','BWA','',0,1),(29,'Bouvet Island','BV','BVT','',0,1),(30,'Brazil','BR','BRA','',0,1),(31,'British Indian Ocean Territory','IO','IOT','',0,1),(32,'Brunei Darussalam','BN','BRN','',0,1),(33,'Bulgaria','BG','BGR','',0,1),(34,'Burkina Faso','BF','BFA','',0,1),(35,'Burundi','BI','BDI','',0,1),(36,'Cambodia','KH','KHM','',0,1),(37,'Cameroon','CM','CMR','',0,1),(38,'Canada','CA','CAN','',0,1),(39,'Cape Verde','CV','CPV','',0,1),(40,'Cayman Islands','KY','CYM','',0,1),(41,'Central African Republic','CF','CAF','',0,1),(42,'Chad','TD','TCD','',0,1),(43,'Chile','CL','CHL','',0,1),(44,'China','CN','CHN','',0,1),(45,'Christmas Island','CX','CXR','',0,1),(46,'Cocos (Keeling) Islands','CC','CCK','',0,1),(47,'Colombia','CO','COL','',0,1),(48,'Comoros','KM','COM','',0,1),(49,'Congo','CG','COG','',0,1),(50,'Cook Islands','CK','COK','',0,1),(51,'Costa Rica','CR','CRI','',0,1),(52,'Cote D\'Ivoire','CI','CIV','',0,1),(53,'Croatia','HR','HRV','',0,1),(54,'Cuba','CU','CUB','',0,1),(55,'Cyprus','CY','CYP','',0,1),(56,'Czech Republic','CZ','CZE','',0,1),(57,'Denmark','DK','DNK','',0,1),(58,'Djibouti','DJ','DJI','',0,1),(59,'Dominica','DM','DMA','',0,1),(60,'Dominican Republic','DO','DOM','',0,1),(61,'East Timor','TL','TLS','',0,1),(62,'Ecuador','EC','ECU','',0,1),(63,'Egypt','EG','EGY','',0,1),(64,'El Salvador','SV','SLV','',0,1),(65,'Equatorial Guinea','GQ','GNQ','',0,1),(66,'Eritrea','ER','ERI','',0,1),(67,'Estonia','EE','EST','',0,1),(68,'Ethiopia','ET','ETH','',0,1),(69,'Falkland Islands (Malvinas)','FK','FLK','',0,1),(70,'Faroe Islands','FO','FRO','',0,1),(71,'Fiji','FJ','FJI','',0,1),(72,'Finland','FI','FIN','',0,1),(74,'France, Metropolitan','FR','FRA','{firstname} {lastname}\r\n{company}\r\n{address_1}\r\n{address_2}\r\n{postcode} {city}\r\n{country}',1,1),(75,'French Guiana','GF','GUF','',0,1),(76,'French Polynesia','PF','PYF','',0,1),(77,'French Southern Territories','TF','ATF','',0,1),(78,'Gabon','GA','GAB','',0,1),(79,'Gambia','GM','GMB','',0,1),(80,'Georgia','GE','GEO','',0,1),(81,'Germany','DE','DEU','{company}\r\n{firstname} {lastname}\r\n{address_1}\r\n{address_2}\r\n{postcode} {city}\r\n{country}',1,1),(82,'Ghana','GH','GHA','',0,1),(83,'Gibraltar','GI','GIB','',0,1),(84,'Greece','GR','GRC','',0,1),(85,'Greenland','GL','GRL','',0,1),(86,'Grenada','GD','GRD','',0,1),(87,'Guadeloupe','GP','GLP','',0,1),(88,'Guam','GU','GUM','',0,1),(89,'Guatemala','GT','GTM','',0,1),(90,'Guinea','GN','GIN','',0,1),(91,'Guinea-Bissau','GW','GNB','',0,1),(92,'Guyana','GY','GUY','',0,1),(93,'Haiti','HT','HTI','',0,1),(94,'Heard and Mc Donald Islands','HM','HMD','',0,1),(95,'Honduras','HN','HND','',0,1),(96,'Hong Kong','HK','HKG','',0,1),(97,'Hungary','HU','HUN','',0,1),(98,'Iceland','IS','ISL','',0,1),(99,'India','IN','IND','',0,1),(100,'Indonesia','ID','IDN','',0,1),(101,'Iran (Islamic Republic of)','IR','IRN','',0,1),(102,'Iraq','IQ','IRQ','',0,1),(103,'Ireland','IE','IRL','',0,1),(104,'Israel','IL','ISR','',0,1),(105,'Italy','IT','ITA','',0,1),(106,'Jamaica','JM','JAM','',0,1),(107,'Japan','JP','JPN','',0,1),(108,'Jordan','JO','JOR','',0,1),(109,'Kazakhstan','KZ','KAZ','',0,1),(110,'Kenya','KE','KEN','',0,1),(111,'Kiribati','KI','KIR','',0,1),(112,'North Korea','KP','PRK','',0,1),(113,'South Korea','KR','KOR','',0,1),(114,'Kuwait','KW','KWT','',0,1),(115,'Kyrgyzstan','KG','KGZ','',0,1),(116,'Lao People\'s Democratic Republic','LA','LAO','',0,1),(117,'Latvia','LV','LVA','',0,1),(118,'Lebanon','LB','LBN','',0,1),(119,'Lesotho','LS','LSO','',0,1),(120,'Liberia','LR','LBR','',0,1),(121,'Libyan Arab Jamahiriya','LY','LBY','',0,1),(122,'Liechtenstein','LI','LIE','',0,1),(123,'Lithuania','LT','LTU','',0,1),(124,'Luxembourg','LU','LUX','',0,1),(125,'Macau','MO','MAC','',0,1),(126,'FYROM','MK','MKD','',0,1),(127,'Madagascar','MG','MDG','',0,1),(128,'Malawi','MW','MWI','',0,1),(129,'Malaysia','MY','MYS','',0,1),(130,'Maldives','MV','MDV','',0,1),(131,'Mali','ML','MLI','',0,1),(132,'Malta','MT','MLT','',0,1),(133,'Marshall Islands','MH','MHL','',0,1),(134,'Martinique','MQ','MTQ','',0,1),(135,'Mauritania','MR','MRT','',0,1),(136,'Mauritius','MU','MUS','',0,1),(137,'Mayotte','YT','MYT','',0,1),(138,'Mexico','MX','MEX','',0,1),(139,'Micronesia, Federated States of','FM','FSM','',0,1),(140,'Moldova, Republic of','MD','MDA','',0,1),(141,'Monaco','MC','MCO','',0,1),(142,'Mongolia','MN','MNG','',0,1),(143,'Montserrat','MS','MSR','',0,1),(144,'Morocco','MA','MAR','',0,1),(145,'Mozambique','MZ','MOZ','',0,1),(146,'Myanmar','MM','MMR','',0,1),(147,'Namibia','NA','NAM','',0,1),(148,'Nauru','NR','NRU','',0,1),(149,'Nepal','NP','NPL','',0,1),(150,'Netherlands','NL','NLD','',0,1),(151,'Netherlands Antilles','AN','ANT','',0,1),(152,'New Caledonia','NC','NCL','',0,1),(153,'New Zealand','NZ','NZL','',0,1),(154,'Nicaragua','NI','NIC','',0,1),(155,'Niger','NE','NER','',0,1),(156,'Nigeria','NG','NGA','',0,1),(157,'Niue','NU','NIU','',0,1),(158,'Norfolk Island','NF','NFK','',0,1),(159,'Northern Mariana Islands','MP','MNP','',0,1),(160,'Norway','NO','NOR','',0,1),(161,'Oman','OM','OMN','',0,1),(162,'Pakistan','PK','PAK','',0,1),(163,'Palau','PW','PLW','',0,1),(164,'Panama','PA','PAN','',0,1),(165,'Papua New Guinea','PG','PNG','',0,1),(166,'Paraguay','PY','PRY','',0,1),(167,'Peru','PE','PER','',0,1),(168,'Philippines','PH','PHL','',0,1),(169,'Pitcairn','PN','PCN','',0,1),(170,'Poland','PL','POL','',0,1),(171,'Portugal','PT','PRT','',0,1),(172,'Puerto Rico','PR','PRI','',0,1),(173,'Qatar','QA','QAT','',0,1),(174,'Reunion','RE','REU','',0,1),(175,'Romania','RO','ROM','',0,1),(176,'Russian Federation','RU','RUS','',0,1),(177,'Rwanda','RW','RWA','',0,1),(178,'Saint Kitts and Nevis','KN','KNA','',0,1),(179,'Saint Lucia','LC','LCA','',0,1),(180,'Saint Vincent and the Grenadines','VC','VCT','',0,1),(181,'Samoa','WS','WSM','',0,1),(182,'San Marino','SM','SMR','',0,1),(183,'Sao Tome and Principe','ST','STP','',0,1),(184,'Saudi Arabia','SA','SAU','',0,1),(185,'Senegal','SN','SEN','',0,1),(186,'Seychelles','SC','SYC','',0,1),(187,'Sierra Leone','SL','SLE','',0,1),(188,'Singapore','SG','SGP','',0,1),(189,'Slovak Republic','SK','SVK','{firstname} {lastname}\r\n{company}\r\n{address_1}\r\n{address_2}\r\n{city} {postcode}\r\n{zone}\r\n{country}',0,1),(190,'Slovenia','SI','SVN','',0,1),(191,'Solomon Islands','SB','SLB','',0,1),(192,'Somalia','SO','SOM','',0,1),(193,'South Africa','ZA','ZAF','',0,1),(194,'South Georgia &amp; South Sandwich Islands','GS','SGS','',0,1),(195,'Spain','ES','ESP','',0,1),(196,'Sri Lanka','LK','LKA','',0,1),(197,'St. Helena','SH','SHN','',0,1),(198,'St. Pierre and Miquelon','PM','SPM','',0,1),(199,'Sudan','SD','SDN','',0,1),(200,'Suriname','SR','SUR','',0,1),(201,'Svalbard and Jan Mayen Islands','SJ','SJM','',0,1),(202,'Swaziland','SZ','SWZ','',0,1),(203,'Sweden','SE','SWE','{company}\r\n{firstname} {lastname}\r\n{address_1}\r\n{address_2}\r\n{postcode} {city}\r\n{country}',1,1),(204,'Switzerland','CH','CHE','',0,1),(205,'Syrian Arab Republic','SY','SYR','',0,1),(206,'Taiwan','TW','TWN','',0,1),(207,'Tajikistan','TJ','TJK','',0,1),(208,'Tanzania, United Republic of','TZ','TZA','',0,1),(209,'Thailand','TH','THA','',0,1),(210,'Togo','TG','TGO','',0,1),(211,'Tokelau','TK','TKL','',0,1),(212,'Tonga','TO','TON','',0,1),(213,'Trinidad and Tobago','TT','TTO','',0,1),(214,'Tunisia','TN','TUN','',0,1),(215,'Turkey','TR','TUR','',0,1),(216,'Turkmenistan','TM','TKM','',0,1),(217,'Turks and Caicos Islands','TC','TCA','',0,1),(218,'Tuvalu','TV','TUV','',0,1),(219,'Uganda','UG','UGA','',0,1),(220,'Ukraine','UA','UKR','',0,1),(221,'United Arab Emirates','AE','ARE','',0,1),(222,'United Kingdom','GB','GBR','',1,1),(223,'United States','US','USA','{firstname} {lastname}\r\n{company}\r\n{address_1}\r\n{address_2}\r\n{city}, {zone} {postcode}\r\n{country}',0,0),(224,'United States Minor Outlying Islands','UM','UMI','',0,1),(225,'Uruguay','UY','URY','',0,1),(226,'Uzbekistan','UZ','UZB','',0,1),(227,'Vanuatu','VU','VUT','',0,1),(228,'Vatican City State (Holy See)','VA','VAT','',0,1),(229,'Venezuela','VE','VEN','',0,1),(230,'Viet Nam','VN','VNM','',0,1),(231,'Virgin Islands (British)','VG','VGB','',0,1),(232,'Virgin Islands (U.S.)','VI','VIR','',0,1),(233,'Wallis and Futuna Islands','WF','WLF','',0,1),(234,'Western Sahara','EH','ESH','',0,1),(235,'Yemen','YE','YEM','',0,1),(237,'Democratic Republic of Congo','CD','COD','',0,1),(238,'Zambia','ZM','ZMB','',0,1),(239,'Zimbabwe','ZW','ZWE','',0,1),(242,'Montenegro','ME','MNE','',0,1),(243,'Serbia','RS','SRB','',0,1),(244,'Aaland Islands','AX','ALA','',0,1),(245,'Bonaire, Sint Eustatius and Saba','BQ','BES','',0,1),(246,'Curacao','CW','CUW','',0,1),(247,'Palestinian Territory, Occupied','PS','PSE','',0,1),(248,'South Sudan','SS','SSD','',0,1),(249,'St. Barthelemy','BL','BLM','',0,1),(250,'St. Martin (French part)','MF','MAF','',0,1),(251,'Canary Islands','IC','ICA','',0,1),(252,'Ascension Island (British)','AC','ASC','',0,1),(253,'Kosovo, Republic of','XK','UNK','',0,1),(254,'Isle of Man','IM','IMN','',0,1),(255,'Tristan da Cunha','TA','SHN','',0,1),(256,'Guernsey','GG','GGY','',0,1),(257,'Jersey','JE','JEY','',0,1);

/*Table structure for table `group` */

DROP TABLE IF EXISTS `group`;

CREATE TABLE `group` (
  `id` int(11) NOT NULL AUTO_INCREMENT,
  `group_name` varchar(254) DEFAULT NULL,
  `group_icon` varchar(254) DEFAULT NULL,
  `group_lang_id` smallint(2) DEFAULT NULL,
  `group_des` text,
  `created_at` datetime DEFAULT NULL,
  `updated_at` datetime DEFAULT NULL,
  `notes` varchar(254) DEFAULT NULL,
  PRIMARY KEY (`id`)
) ENGINE=InnoDB AUTO_INCREMENT=3 DEFAULT CHARSET=latin1;

/*Data for the table `group` */

insert  into `group`(`id`,`group_name`,`group_icon`,`group_lang_id`,`group_des`,`created_at`,`updated_at`,`notes`) values (1,'man','1500608182.png',1,'Man Category','2017-07-07 01:44:24','2017-07-21 03:36:22',NULL),(2,'woman','woman.png',2,'Group2','2017-07-07 01:44:24','2017-07-07 01:44:24',NULL);

/*Table structure for table `homework` */

DROP TABLE IF EXISTS `homework`;

CREATE TABLE `homework` (
  `id` int(11) NOT NULL AUTO_INCREMENT,
  `book_id` int(11) DEFAULT NULL,
  `homework_data` varchar(254) DEFAULT NULL COMMENT 'voice file name',
  `contents` text,
  `status` int(2) DEFAULT NULL,
  `created_at` datetime DEFAULT NULL,
  `updated_at` datetime DEFAULT NULL,
  PRIMARY KEY (`id`)
) ENGINE=InnoDB AUTO_INCREMENT=7 DEFAULT CHARSET=latin1;

/*Data for the table `homework` */

insert  into `homework`(`id`,`book_id`,`homework_data`,`contents`,`status`,`created_at`,`updated_at`) values (6,4,'1500482723.mp3','test homework',0,'2017-07-19 16:45:23','2017-07-19 16:45:23');

/*Table structure for table `join` */

DROP TABLE IF EXISTS `join`;

CREATE TABLE `join` (
  `id` int(11) NOT NULL AUTO_INCREMENT,
  `session_id` int(11) DEFAULT NULL,
  `instructor_id` int(11) DEFAULT NULL,
  `created_at` datetime DEFAULT NULL,
  `updated_at` datetime DEFAULT NULL,
  PRIMARY KEY (`id`)
) ENGINE=InnoDB AUTO_INCREMENT=3 DEFAULT CHARSET=latin1;

/*Data for the table `join` */

insert  into `join`(`id`,`session_id`,`instructor_id`,`created_at`,`updated_at`) values (1,1,3,'2017-07-08 05:58:20','2017-07-08 05:58:20'),(2,3,4,'2017-07-08 05:58:20','2017-07-08 05:58:20');

/*Table structure for table `joinbooking` */

DROP TABLE IF EXISTS `joinbooking`;

CREATE TABLE `joinbooking` (
  `id` int(11) NOT NULL AUTO_INCREMENT,
  `book_id` int(11) DEFAULT NULL,
  `jstatus` smallint(2) DEFAULT '0' COMMENT '0-joined 1-cancelled 2-completed',
  `created_at` datetime DEFAULT NULL,
  `updated_at` datetime DEFAULT NULL,
  `notes` text,
  PRIMARY KEY (`id`)
) ENGINE=InnoDB AUTO_INCREMENT=2 DEFAULT CHARSET=latin1;

/*Data for the table `joinbooking` */

insert  into `joinbooking`(`id`,`book_id`,`jstatus`,`created_at`,`updated_at`,`notes`) values (1,1,0,'2017-08-03 00:57:45','2017-08-03 00:57:45',NULL);

/*Table structure for table `language` */

DROP TABLE IF EXISTS `language`;

CREATE TABLE `language` (
  `id` int(11) NOT NULL AUTO_INCREMENT,
  `name` varchar(30) DEFAULT NULL,
  PRIMARY KEY (`id`)
) ENGINE=InnoDB AUTO_INCREMENT=3 DEFAULT CHARSET=latin1;

/*Data for the table `language` */

insert  into `language`(`id`,`name`) values (1,'English'),(2,'Arabic');

/*Table structure for table `librarycategory` */

DROP TABLE IF EXISTS `librarycategory`;

CREATE TABLE `librarycategory` (
  `id` int(11) NOT NULL AUTO_INCREMENT,
  `cat_name` char(254) DEFAULT NULL,
  `types` smallint(2) DEFAULT '0' COMMENT '0-gita  1-quran',
  `menu_id` int(11) DEFAULT '0',
  `created_at` datetime DEFAULT NULL,
  `updated_at` datetime DEFAULT NULL,
  PRIMARY KEY (`id`)
) ENGINE=InnoDB AUTO_INCREMENT=7 DEFAULT CHARSET=latin1;

/*Data for the table `librarycategory` */

insert  into `librarycategory`(`id`,`cat_name`,`types`,`menu_id`,`created_at`,`updated_at`) values (1,'cat12',0,0,'2017-08-07 22:42:14','2017-08-07 23:52:26'),(4,'qcat1',1,1,'2017-08-08 00:00:54','2017-08-08 00:00:54'),(5,'qcat2',1,4,'2017-08-09 01:59:20','2017-08-09 01:59:20'),(6,'qcat3',1,1,'2017-08-09 02:03:03','2017-08-09 02:03:03');

/*Table structure for table `libraryitems` */

DROP TABLE IF EXISTS `libraryitems`;

CREATE TABLE `libraryitems` (
  `id` int(11) NOT NULL AUTO_INCREMENT,
  `item_name` varchar(254) DEFAULT NULL,
  `sub_cat_id` int(11) DEFAULT NULL,
  `mp3_link` varchar(254) DEFAULT '0',
  `pdf_link` varchar(254) DEFAULT '0',
  `ms_link` varchar(254) DEFAULT '0',
  `created_at` datetime DEFAULT NULL,
  `updated_at` datetime DEFAULT NULL,
  PRIMARY KEY (`id`)
) ENGINE=InnoDB AUTO_INCREMENT=3 DEFAULT CHARSET=latin1;

/*Data for the table `libraryitems` */

insert  into `libraryitems`(`id`,`item_name`,`sub_cat_id`,`mp3_link`,`pdf_link`,`ms_link`,`created_at`,`updated_at`) values (1,'test-item1',1,'1502231531.mp3','1502297441.pdf','0','2017-08-08 22:32:11','2017-08-09 16:50:41'),(2,'test-item2',2,'1502256343.mp3','1502232504.pdf','0','2017-08-08 22:47:16','2017-08-09 05:25:43');

/*Table structure for table `librarysubcategory` */

DROP TABLE IF EXISTS `librarysubcategory`;

CREATE TABLE `librarysubcategory` (
  `id` int(11) NOT NULL AUTO_INCREMENT,
  `sub_cat_name` varchar(254) DEFAULT NULL,
  `cat_id` int(11) DEFAULT NULL,
  `created_at` datetime DEFAULT NULL,
  `updated_at` datetime DEFAULT NULL,
  PRIMARY KEY (`id`)
) ENGINE=InnoDB AUTO_INCREMENT=4 DEFAULT CHARSET=latin1;

/*Data for the table `librarysubcategory` */

insert  into `librarysubcategory`(`id`,`sub_cat_name`,`cat_id`,`created_at`,`updated_at`) values (1,'qqq',1,'2017-08-08 16:54:28','2017-08-08 16:54:28'),(2,'rrr',4,'2017-08-08 16:54:39','2017-08-08 16:54:39');

/*Table structure for table `messages` */

DROP TABLE IF EXISTS `messages`;

CREATE TABLE `messages` (
  `id` int(11) NOT NULL AUTO_INCREMENT,
  `from` int(11) DEFAULT NULL,
  `to` int(11) DEFAULT NULL,
  `title` varchar(15) DEFAULT NULL,
  `contents` text,
  `created_at` datetime DEFAULT NULL,
  `updated_at` datetime DEFAULT NULL,
  PRIMARY KEY (`id`)
) ENGINE=InnoDB AUTO_INCREMENT=6 DEFAULT CHARSET=latin1;

/*Data for the table `messages` */

insert  into `messages`(`id`,`from`,`to`,`title`,`contents`,`created_at`,`updated_at`) values (1,3,7,'hello ho...','hello  how are you?\r\n','2017-07-13 04:21:31','2017-07-13 04:21:31'),(2,4,7,'what do ....','what do you mean?','2017-07-13 04:23:21','2017-07-13 04:23:21'),(3,3,7,'ffff...','ffff','2017-07-15 21:18:19','2017-07-15 21:18:19'),(4,7,3,'hello...','hello','2017-07-15 22:01:48','2017-07-15 22:01:48'),(5,7,3,'rrrrrrr...','rrrrrrrrrrrrr','2017-07-25 01:44:33','2017-07-25 01:44:33');

/*Table structure for table `migrations` */

DROP TABLE IF EXISTS `migrations`;

CREATE TABLE `migrations` (
  `id` int(10) unsigned NOT NULL AUTO_INCREMENT,
  `migration` varchar(255) COLLATE utf8mb4_unicode_ci NOT NULL,
  `batch` int(11) NOT NULL,
  PRIMARY KEY (`id`)
) ENGINE=InnoDB DEFAULT CHARSET=utf8mb4 COLLATE=utf8mb4_unicode_ci;

/*Data for the table `migrations` */

/*Table structure for table `news` */

DROP TABLE IF EXISTS `news`;

CREATE TABLE `news` (
  `id` int(11) NOT NULL AUTO_INCREMENT,
  `title` varchar(254) DEFAULT NULL,
  `thumb` varchar(254) DEFAULT NULL,
  `des` text,
  `created_at` datetime DEFAULT NULL,
  `updated_at` datetime DEFAULT NULL,
  PRIMARY KEY (`id`)
) ENGINE=InnoDB AUTO_INCREMENT=8 DEFAULT CHARSET=latin1;

/*Data for the table `news` */

insert  into `news`(`id`,`title`,`thumb`,`des`,`created_at`,`updated_at`) values (1,'new1','new1.jpg','news_des1','2017-07-07 01:44:24','2017-07-07 01:44:24'),(2,'new2','new2.jpg','news_des2','2017-07-07 01:44:24','2017-07-07 01:44:24'),(3,'news','new3.jpg','news_des3\r\nwooo....\r\nThis is test..\r\n','2017-07-07 01:44:24','2017-07-07 01:44:24'),(4,'newsReally','new4.jpg','Good\r\nTesting \r\nDescription','2017-07-07 01:44:24','2017-07-07 01:44:24'),(5,'news-title','new4.jpg','news5 description is nothing.\r\nThank you.','2017-07-07 01:44:24','2017-07-07 01:44:24'),(7,'ddd','1500399215.jpg','ddddddddggggg','2017-07-18 17:25:09','2017-07-18 17:33:36');

/*Table structure for table `newsdetail` */

DROP TABLE IF EXISTS `newsdetail`;

CREATE TABLE `newsdetail` (
  `id` int(11) NOT NULL AUTO_INCREMENT,
  `news_id` int(11) DEFAULT NULL,
  `img_url` varchar(254) DEFAULT NULL,
  `created_at` datetime DEFAULT NULL,
  `updated_at` datetime DEFAULT NULL,
  PRIMARY KEY (`id`)
) ENGINE=InnoDB AUTO_INCREMENT=12 DEFAULT CHARSET=latin1;

/*Data for the table `newsdetail` */

insert  into `newsdetail`(`id`,`news_id`,`img_url`,`created_at`,`updated_at`) values (1,1,'slider1.jpg','2017-07-07 01:44:24','2017-07-07 01:44:24'),(2,1,'slider6.jpeg','2017-07-07 01:44:24','2017-07-07 01:44:24'),(3,1,'slider4.jpg','2017-07-07 01:44:24','2017-07-07 01:44:24'),(4,2,'slider3.jpg','2017-07-07 01:44:24','2017-07-07 01:44:24'),(5,3,'slider2.jpg','2017-07-07 01:44:24','2017-07-07 01:44:24'),(6,3,'slider5.jpg','2017-07-07 01:44:24','2017-07-07 01:44:24'),(11,7,'1500399215.jpg','2017-07-18 17:33:37','2017-07-18 17:33:37');

/*Table structure for table `programlist` */

DROP TABLE IF EXISTS `programlist`;

CREATE TABLE `programlist` (
  `id` int(11) NOT NULL AUTO_INCREMENT,
  `instructor_id` int(11) DEFAULT NULL COMMENT 'instructor id',
  `session_id` varchar(254) DEFAULT NULL,
  `created_at` datetime DEFAULT NULL,
  `updated_at` datetime DEFAULT NULL,
  `notes` varchar(254) DEFAULT NULL,
  PRIMARY KEY (`id`)
) ENGINE=InnoDB AUTO_INCREMENT=5 DEFAULT CHARSET=latin1;

/*Data for the table `programlist` */

insert  into `programlist`(`id`,`instructor_id`,`session_id`,`created_at`,`updated_at`,`notes`) values (1,3,'1','2017-07-08 05:58:20','2017-07-08 05:58:20',NULL),(2,4,'1','2017-07-08 05:58:20','2017-07-08 05:58:20',NULL),(3,3,'3','2017-07-08 05:58:20','2017-07-08 05:58:20',NULL),(4,4,'2','2017-07-08 05:58:20','2017-07-08 05:58:20',NULL);

/*Table structure for table `quranmenu` */

DROP TABLE IF EXISTS `quranmenu`;

CREATE TABLE `quranmenu` (
  `id` int(11) NOT NULL AUTO_INCREMENT,
  `menu_name` char(254) DEFAULT NULL,
  `created_at` datetime DEFAULT NULL,
  `updated_at` datetime DEFAULT NULL,
  PRIMARY KEY (`id`)
) ENGINE=InnoDB AUTO_INCREMENT=5 DEFAULT CHARSET=latin1;

/*Data for the table `quranmenu` */

insert  into `quranmenu`(`id`,`menu_name`,`created_at`,`updated_at`) values (1,'aaaaa','2017-08-07 22:06:10','2017-08-07 22:06:17'),(2,'bbbbb','2017-08-07 22:06:25','2017-08-07 22:06:25'),(4,'ccccc','2017-08-07 22:06:41','2017-08-07 22:06:41');

/*Table structure for table `session` */

DROP TABLE IF EXISTS `session`;

CREATE TABLE `session` (
  `id` int(11) NOT NULL AUTO_INCREMENT,
  `session_title` varchar(254) DEFAULT NULL,
  `category_id` int(2) DEFAULT '1' COMMENT 'group_id',
  `created_at` datetime DEFAULT NULL,
  `updated_at` datetime DEFAULT NULL,
  `notes` varchar(254) DEFAULT NULL,
  PRIMARY KEY (`id`)
) ENGINE=InnoDB AUTO_INCREMENT=4 DEFAULT CHARSET=latin1;

/*Data for the table `session` */

insert  into `session`(`id`,`session_title`,`category_id`,`created_at`,`updated_at`,`notes`) values (1,'session3-1',1,'2017-07-08 05:58:20','2017-07-08 05:58:20',NULL),(2,'session3-2',1,'2017-07-08 05:58:20','2017-07-08 05:58:20',NULL),(3,'session3-3',2,'2017-07-08 05:58:20','2017-07-08 05:58:20',NULL);

/*Table structure for table `setting` */

DROP TABLE IF EXISTS `setting`;

CREATE TABLE `setting` (
  `id` int(11) NOT NULL AUTO_INCREMENT,
  `setting_field` varchar(254) DEFAULT NULL,
  `setting_value` text,
  `created_at` datetime DEFAULT NULL,
  `updated_at` datetime DEFAULT NULL,
  PRIMARY KEY (`id`)
) ENGINE=InnoDB AUTO_INCREMENT=3 DEFAULT CHARSET=latin1;

/*Data for the table `setting` */

insert  into `setting`(`id`,`setting_field`,`setting_value`,`created_at`,`updated_at`) values (1,'logo_img','images/logo.png',NULL,NULL),(2,'session_process_time','20',NULL,'2017-07-22 04:54:53');

/*Table structure for table `users` */

DROP TABLE IF EXISTS `users`;

CREATE TABLE `users` (
  `id` int(10) unsigned NOT NULL AUTO_INCREMENT,
  `group_id` int(11) DEFAULT NULL,
  `firstname` varchar(254) CHARACTER SET utf8 NOT NULL,
  `lastname` varchar(254) COLLATE utf8mb4_unicode_ci NOT NULL,
  `name` varchar(254) COLLATE utf8mb4_unicode_ci NOT NULL,
  `email` varchar(254) COLLATE utf8mb4_unicode_ci NOT NULL,
  `password` varchar(254) COLLATE utf8mb4_unicode_ci NOT NULL,
  `gender` smallint(2) DEFAULT NULL,
  `language` smallint(2) DEFAULT NULL,
  `age` int(3) DEFAULT NULL,
  `country` int(3) DEFAULT NULL,
  `phone` varchar(254) COLLATE utf8mb4_unicode_ci DEFAULT NULL,
  `skype` varchar(254) COLLATE utf8mb4_unicode_ci DEFAULT NULL,
  `status` int(2) DEFAULT '0' COMMENT '0-student 1- instructor 2- modeerator 3- admin',
  `whatsapp` varchar(254) COLLATE utf8mb4_unicode_ci DEFAULT NULL,
  `line` varchar(254) COLLATE utf8mb4_unicode_ci DEFAULT NULL,
  `soma` varchar(254) COLLATE utf8mb4_unicode_ci DEFAULT NULL,
  `viber` varchar(254) COLLATE utf8mb4_unicode_ci DEFAULT NULL,
  `remember_token` varchar(100) CHARACTER SET utf8 DEFAULT NULL,
  `created_at` timestamp NULL DEFAULT NULL,
  `updated_at` timestamp NULL DEFAULT NULL,
  `notes` text COLLATE utf8mb4_unicode_ci,
  PRIMARY KEY (`id`)
) ENGINE=InnoDB AUTO_INCREMENT=8 DEFAULT CHARSET=utf8mb4 COLLATE=utf8mb4_unicode_ci;

/*Data for the table `users` */

insert  into `users`(`id`,`group_id`,`firstname`,`lastname`,`name`,`email`,`password`,`gender`,`language`,`age`,`country`,`phone`,`skype`,`status`,`whatsapp`,`line`,`soma`,`viber`,`remember_token`,`created_at`,`updated_at`,`notes`) values (2,2,'zhang','gal','zhang gal','zhangal514@hotmail.com','$2y$10$i2W95CF.leaRKQTd26Y5cOWv285sDmXHkyjTAO7.FUeAMJNoG4S1a',2,2,24,13,'12345678',NULL,0,NULL,NULL,NULL,NULL,NULL,'2017-07-08 05:58:20','2017-07-08 05:58:20',NULL),(3,1,'david','baily','Teacher','teacher1@hotmail.com','$2y$10$GZ2Mi8FTNqNyuQz4qRN1x.Wed3X9Le1KOoj/0BMPx.nRZeZZ0wjIu',1,1,35,44,'12333333','',1,'','','','','Y4pGUZVnQ64jr3vOMesDiIJmHJKXwAVTYqM4Gotm7AKvOlHSUS0M5rlbBikI','2017-07-08 05:58:20','2017-07-15 21:38:39',''),(4,1,'ccc','ddd','bill','bill@hotmail.com','$2y$10$GZ2Mi8FTNqNyuQz4qRN1x.Wed3X9Le1KOoj/0BMPx.nRZeZZ0wjIu',1,1,24,44,'23456456',NULL,1,NULL,NULL,NULL,NULL,NULL,'2017-07-08 05:58:20','2017-07-08 05:58:20',NULL),(5,1,'King','Star','Admin','admin@514.com','$2y$10$GZ2Mi8FTNqNyuQz4qRN1x.Wed3X9Le1KOoj/0BMPx.nRZeZZ0wjIu',1,1,29,44,'1988-0514','kingstar@dragon',3,NULL,NULL,NULL,NULL,'tHnmLrhRLh4iyDREz16qC4Spuz6heVrd3HziYy6CGHSs1hJFh1XtbL6dUqR8',NULL,NULL,NULL),(7,1,'jin','ping','jinping','jinping1110@gmail.com','$2y$10$GZ2Mi8FTNqNyuQz4qRN1x.Wed3X9Le1KOoj/0BMPx.nRZeZZ0wjIu',1,2,25,44,'2313',NULL,0,NULL,NULL,NULL,NULL,'OFf1iHpTfCtZtJyUAMstlSMSp1utHrzxTsuLe1dHoHcEPbwzG6r9KH1fMye9',NULL,NULL,NULL);

/*!40101 SET SQL_MODE=@OLD_SQL_MODE */;
/*!40014 SET FOREIGN_KEY_CHECKS=@OLD_FOREIGN_KEY_CHECKS */;
